model,auc,accuracy,cv_mean,cv_std
Random Forest,1.0,0.99,0.9936947695247194,0.007174442513989321
Gradient Boosting,1.0,1.0,1.0,0.0
Logistic Regression,0.9974747474747474,0.995,0.9930379746835442,0.00580072872779218
